year,n_qc,n_callable,n_unambiguous,n_K_only,n_T_only,n_mixed_KT,n_uncallable,sampling_status,carrier_proportion,carrier_ci_low,carrier_ci_high,unambiguous_proportion,unambiguous_ci_low,unambiguous_ci_high,K_only_proportion,K_only_ci_low,K_only_ci_high,T_only_proportion,T_only_ci_low,T_only_ci_high,mixed_KT_proportion,mixed_KT_ci_low,mixed_KT_ci_high
1994,53,53,41,11,30,12,0,observed,0.7924528301886793,0.6654225529835209,0.8799540197358604,0.7317073170731707,0.5806646689292336,0.8430503595218832,0.20754716981132076,0.12004598026413962,0.3345774470164792,0.5660377358490566,0.4326535142760729,0.690496034402497,0.22641509433962265,0.13454631010274276,0.3552627025146104
1995,57,57,45,6,39,12,0,observed,0.8947368421052632,0.7887718941661299,0.9508553414762555,0.8666666666666667,0.7382269817382293,0.9374285125243192,0.10526315789473684,0.049144658523744666,0.2112281058338703,0.6842105263157895,0.5552022530213657,0.7899571236117476,0.21052631578947367,0.12474548303034588,0.3328612108319051
1996,65,65,56,10,46,9,0,observed,0.8461538461538461,0.7394468036002149,0.914229059330115,0.8214285714285714,0.7015881796334895,0.9000014324758769,0.15384615384615385,0.08577094066988504,0.26055319639978514,0.7076923076923077,0.5880396276349971,0.8041658901232009,0.13846153846153847,0.07459090403153722,0.2426809724634516
1997,61,61,50,15,35,11,0,observed,0.7540983606557377,0.6331557589001072,0.8449334229877371,0.7,0.562496495355466,0.8089644649911906,0.2459016393442623,0.1550665770122629,0.3668442410998928,0.5737704918032787,0.44895230444946566,0.6898477806147472,0.18032786885245902,0.10379140124053361,0.29474156348121067
1998,64,64,58,14,44,6,0,observed,0.78125,0.6656721604337418,0.8649768059328052,0.7586206896551724,0.6347001974698658,0.8504112564333051,0.21875,0.13502319406719476,0.33432783956625817,0.6875,0.5660766429725186,0.7876893346051794,0.09375,0.04367825258519838,0.1898287959964559
1999,12,12,8,0,8,4,0,observed,1.0,0.7575059933447593,1.0,1.0,0.6755924351161198,1.0,0.0,0.0,0.2424940066552408,0.6666666666666666,0.39062208887279953,0.8618799089087867,0.3333333333333333,0.1381200910912132,0.6093779111272004
2000,18,18,17,5,12,1,0,observed,0.7222222222222222,0.4912734343970254,0.8750024662044599,0.7058823529411765,0.46866889933460165,0.8672001038970477,0.2777777777777778,0.12499753379553999,0.5087265656029745,0.6666666666666666,0.437494672959451,0.8372122524916629,0.05555555555555555,0.00987519097830307,0.25757300781872583
2001,0,0,0,0,0,0,0,no_samples,,,,,,,,,,,,,,,
2002,0,0,0,0,0,0,0,no_samples,,,,,,,,,,,,,,,
2003,56,56,48,29,19,8,0,observed,0.48214285714285715,0.35668219412458285,0.6098961607582303,0.3958333333333333,0.2702082786059137,0.5368959150745274,0.5178571428571429,0.3901038392417699,0.6433178058754172,0.3392857142857143,0.22919972401591904,0.47000546992939773,0.14285714285714285,0.07420788536920624,0.2573592122870533
2004,65,65,51,31,20,14,0,observed,0.5230769230769231,0.4037962961473019,0.6397820947147201,0.39215686274509803,0.27027340981759806,0.5291484101605165,0.47692307692307695,0.36021790528527997,0.5962037038526982,0.3076923076923077,0.20887031366921022,0.42797642914727324,0.2153846153846154,0.1328675769115102,0.3296656024568853
2005,59,59,48,31,17,11,0,observed,0.4745762711864407,0.35265876715068556,0.5996020482998292,0.3541666666666667,0.2343364412560486,0.4956094298965691,0.5254237288135594,0.4003979517001709,0.6473412328493146,0.288135593220339,0.188364996358223,0.4138084657293992,0.1864406779661017,0.10742721942005333,0.30378950446962755
2006,53,53,45,15,30,8,0,observed,0.7169811320754716,0.5842971358358298,0.8203370955366143,0.6666666666666666,0.5207048830990042,0.7864112506566996,0.2830188679245283,0.17966290446338576,0.41570286416417024,0.5660377358490566,0.4326535142760729,0.690496034402497,0.1509433962264151,0.07852417850846265,0.27054249276195336
2007,107,107,99,59,40,8,0,observed,0.4485981308411215,0.3577733502112806,0.5429858050990581,0.40404040404040403,0.31271856818224286,0.502531038174209,0.5514018691588785,0.45701419490094186,0.6422266497887195,0.37383177570093457,0.28802825137894317,0.46838058438279706,0.07476635514018691,0.03837010310343536,0.14063745446391163
2008,51,51,44,25,19,7,0,observed,0.5098039215686274,0.37680923894569696,0.6414251410562926,0.4318181818181818,0.296827234085178,0.5777585300637056,0.49019607843137253,0.3585748589437074,0.6231907610543028,0.37254901960784315,0.25320519466264424,0.5097478653114912,0.13725490196078433,0.06811101735056882,0.25721692257581674
2009,70,70,63,47,16,7,0,observed,0.32857142857142857,0.22998869307186082,0.44499064261165916,0.25396825396825395,0.1628041127332116,0.3734118743660646,0.6714285714285714,0.5550093573883407,0.770011306928139,0.22857142857142856,0.14588063222572437,0.33950331593984906,0.1,0.049289301442539526,0.192329148485674
2010,90,90,81,56,25,9,0,observed,0.37777777777777777,0.2845596823864481,0.4810023594181651,0.30864197530864196,0.21863206977106836,0.4159805308265227,0.6222222222222222,0.5189976405818348,0.715440317613552,0.2777777777777778,0.1957968919468665,0.37795227497061207,0.1,0.05350675169712493,0.1792417487543365
2011,72,72,64,53,11,8,0,observed,0.2638888888888889,0.17593776659767213,0.37575862046176634,0.171875,0.09877742301244644,0.28213211622658196,0.7361111111111112,0.6242413795382338,0.824062233402328,0.1527777777777778,0.08750708729475695,0.2532228936750054,0.1111111111111111,0.05738819634949348,0.20422938233664034
2012,84,84,76,60,16,8,0,observed,0.2857142857142857,0.20015034121612774,0.39002039953301215,0.21052631578947367,0.13395146709874362,0.3149563979389675,0.7142857142857143,0.6099796004669878,0.7998496587838723,0.19047619047619047,0.12078697736721435,0.2872374259370989,0.09523809523809523,0.049051709909559385,0.17682635594992713
2013,82,82,75,49,26,7,0,observed,0.4024390243902439,0.3029744315621252,0.5106354462310652,0.3466666666666667,0.24882277263674596,0.45945253905798117,0.5975609756097561,0.48936455376893484,0.6970255684378748,0.3170731707317073,0.22648065670402734,0.4240378641582045,0.08536585365853659,0.041966524993242035,0.1658754556278168
2014,61,61,59,53,6,2,0,observed,0.13114754098360656,0.0679807727490011,0.23801880192993458,0.1016949152542373,0.047447972462404675,0.20463813626232508,0.8688524590163934,0.7619811980700654,0.932019227250999,0.09836065573770492,0.0458645758154705,0.19844607216825944,0.03278688524590164,0.009037890398362405,0.11189490419495612
2015,43,43,40,38,2,3,0,observed,0.11627906976744186,0.0507042773980417,0.24479161810082126,0.05,0.013820667386148358,0.16503877369140957,0.8837209302325582,0.7552083818991788,0.9492957226019583,0.046511627906976744,0.012849260094380241,0.1545549800406396,0.06976744186046512,0.0240115895772145,0.1860898690124197
2016,49,49,44,43,1,5,0,observed,0.12244897959183673,0.057348257902401556,0.2424439729375651,0.022727272727272728,0.004023252060053231,0.11807709698213281,0.8775510204081632,0.757556027062435,0.9426517420975985,0.02040816326530612,0.0036116725898252544,0.10693521523391615,0.10204081632653061,0.04437954674476266,0.21756361549195893
2017,51,51,50,49,1,1,0,observed,0.0392156862745098,0.010821083352867099,0.13216305655362262,0.02,0.0035392592716462293,0.1049544358963781,0.9607843137254902,0.8678369434463774,0.9891789166471329,0.0196078431372549,0.0034696926410608397,0.10304568726144972,0.0196078431372549,0.0034696926410608397,0.10304568726144972
2018,261,261,253,249,4,8,0,observed,0.04597701149425287,0.026493509880200824,0.07863149186487585,0.015810276679841896,0.006165039679613453,0.039939116849729686,0.9540229885057471,0.921368508135124,0.9735064901197991,0.01532567049808429,0.005975572946718556,0.03873592680646456,0.03065134099616858,0.015611730823629218,0.05930651992550067
2019,244,244,244,244,0,0,0,observed,0.0,0.0,0.015499661916827662,0.0,0.0,0.015499661916827662,1.0,0.9845003380831723,1.0,0.0,0.0,0.015499661916827662,0.0,0.0,0.015499661916827662
2020,44,44,44,44,0,0,0,observed,0.0,0.0,0.08029560375848063,0.0,0.0,0.08029560375848063,1.0,0.9197043962415193,0.9999999999999999,0.0,0.0,0.08029560375848063,0.0,0.0,0.08029560375848063
